id,label
0,Dowling Michael
1,Franchini Massimo
2,Ma Gary S
3,Schupf Nicole
4,Cotter Bruno
5,Wilkinson Michael J
6,Yeang Calvin
7,Ellis Katrina L
8,Eaton Charles B
9,Patel Mitul
10,Lippi Giuseppe
11,Moses Eric K
12,Salvagno Gian Luca
13,Kirton Adam
14,DeVeber Gabrielle
15,Ralphe J Carter
16,Targher Giovanni
17,DeMaria Anthony N
18,Dodge Ann
19,Mahmud Ehtisham
20,Tsimikas Sotirios
21,Montagnana Martina
22,Elkind Mitchell S V
23,Reeves Ryan R
24,Watts Gerald F
25,Chakraborty Anindita
26,Guidi Gian Cesare
27,Zawacki Amy W
28,George Paul
29,Sultan Sally
30,Anthony David
31,Peterson Amy L
32,Woo Kaitlin M
